Name,Nationality
Zhang,China
Li,China
Qian,China
Wang,China
Zhao,China
Qi,China
Gao,China
Zhang,China
Li,China
Deng,China
Di,China
Liu,China
Lu,China
Fan,China
Hou,China
Wei,China
Zuo,China
Lin,China
Xia,China
Zhou,China
Sun,China
Wu,China
Yang,China
Cao,China
Zhang,China
Li,China
Liu,China
Lu,China
Fan,China
Hou,China
Wei,China
Zuo,China
Lin,China
Xia,China
Zheng,China
Jia,China
Di,China
White,USA
James,USA
Green,USA
Cowan,USA
Smith,USA
Johnson,USA
Williams,USA
Brown,USA
Davis,USA
White,USA
James,USA
Green,USA
Cowan,USA
Smith,USA
Johnson,USA
Miller,USA
Wilson,USA
Allen,USA
Morris,USA
Young,USA
Henderson,USA
Wright,USA
Thomas,USA
Wilson,USA
Allen,USA
Morris,USA
Young,USA
Henderson,USA
Jackson,USA
Thompson,USA
Alexander,USA
Khatri,India
Archarya,India
Laghari,India
Bakshi,India
Deshpande,India
Malhotra,India
Jain,India
Gokhale,India
Dhar,India
Chopra,India
Bajwa,India
Mallick,India
Mehta,India
Saxena,India
Shah,India
Ranganathan,India
Pandey,India
Jain,India
Gokhale,India
Dhar,India
Chopra,India
Bajwa,India
Mallick,India
Mehta,India
Saxena,India
Naidu,India
Khatri,India
Archarya,India
Laghari,India
Bakshi,India
Deshpande,India
Mukherjee,India
Ahuja,India
Faure,France
Muler,France
Roussel,France
Clement,France
Nguyen,France
Joly,France
Roche,France
Dubois,France
Bernard,France
Leroy,France
Petit,France
Laurent,France
Roux,France
Vincent,France
Fournier,France
Joly,France
Roche,France
Dubois,France
Bernard,France
Leroy,France
Petit,France
Laurent,France
Roux,France
Bonnet,France
Francois,France
Martinez,France
Legrand,France
Garnier,France
Faure,France
Muler,France
Roussel,France
Clement,France
Nguyen,France
Joly,France
Roche,France
Petrov,Russia
Kuznetsov,Russia
Vasiliev,Russia
Fedorov,Russia
Lebedev,Russia
Rachmaninov,Russia
Richter,Russia
Nikolaev,Russia
Kotov,Russia
Krupin,Russia
Lagunov,Russia
Sokolov,Russia
Ivanov,Russia
Smirnov,Russia
Kuznetsov,Russia
Kotov,Russia
Krupin,Russia
Lagunov,Russia
Egorov,Russia
Gorky,Russia
Rozhdestvensky,Russia
Stepanov,Russia
Vinogradov,Russia
Vasiliev,Russia
Fedorov,Russia
Lebedev,Russia
Rachmaninov,Russia
Richter,Russia
Nikolaev,Russia
Kotov,Russia
Krupin,Russia
Lagunov,Russia
Egorov,Russia
Gorky,Russia
Rozhdestvensky,Russia
Stepanov,Russia
Vinogradov,Russia
Rabinovich,Russia
Abioye,Africa
Achebe,Africa
Bankole,Africa
Chamapiwa,Africa
Egebe,Africa
Folorunsho,Africa
Igwe,Africa
Jelani,Africa
Abioye,Africa
Achebe,Africa
Bankole,Africa
Chamapiwa,Africa
Egebe,Africa
Folorunsho,Africa
Igwe,Africa
Jelani,Africa
Kanye,Africa
Mwanajuma,Africa
Ndiaye,Africa
Okoro,Africa
Otueome,Africa
Tersoo,Africa
Okusanya,Africa
Adebayo,Africa
Adeyemi,Africa
Folorunsho,Africa
Igwe,Africa
Jelani,Africa
Kanye,Africa
Mwanajuma,Africa
Ndiaye,Africa
Obama,Africa
Okoro,Africa
Otueome,Africa
Agwuegbo,Africa
Ladipo,Africa
